1fc44552-7379-450c-ad4b-281988137414.mp3,0
1fa8a6ae-706c-4dbb-b24d-5240f434dda2.mp3,0
02ebe6ae-75ea-4e63-95a1-6018bb514e6d.mp3,0
1fa56b15-b019-4c7b-a0c0-1925662caec8.mp3,0
02e9226a-1236-4c06-b7f7-da396b3801d5.mp3,1
1f2825bd-a24f-4ebe-8cff-3f7a8fe9f8ac.mp3,0
1fbc24b6-dd3a-484f-b933-c89b731601e2.mp3,1
02c7ed55-48f8-470d-919b-080ee5711d19.mp3,1
1f605c04-7e4a-491b-a632-3422fc48744d.mp3,1
1f8742fd-4e65-4f34-9037-2c629f450463.mp3,1
02eb067e-9ba2-4c0e-aa7e-0be8cba0a66d.mp3,1
1fcab738-9ef3-400c-b90c-8dc27ebc77df.mp3,0
1f9bf2f1-0512-470e-a1c3-5278c2763a00.mp3,1
02b2f2f5-8eaa-4be5-a238-ae75051c39d4.mp3,1
1fc8ec06-6163-4068-bd20-f7362dcfd611.mp3,1
1f554150-c383-478b-a028-035b6fd34c4c.mp3,1
1f3ad8c5-b751-408a-b89a-33ab7463a58c.mp3,1
